0,1,2,3,4,5,6,7,8
-1.2329608373078862,1.0432581333707296,-0.12867188566083984,0.15283093143341242,0.383594698497018,1.5526488572453492,0.13949450341020858,-0.7159037426535171,-1.4200728034474146
-1.0299492836180713,0.0012790339416648977,-1.3431714243723256,-0.9073759031882431,-0.968944141917579,1.9301715198857174,0.7589002496686806,-1.5948828545751175,-0.13733242462355078
-1.003256675543901,0.7299174548935905,-0.15714964721705266,-1.4644868238181297,-0.4085783524064326,1.231951364324778,-0.15672232609041206,-0.04650780293245538,-1.1083008959779603
-0.9642552900303385,-0.09147894242635152,0.1433983809725532,-0.5692613720478896,-0.2026308122596439,1.4151235998712834,0.17613087227843865,-1.7935201396067395,-0.89107030359715
-0.9394460606531653,0.495019647892351,-0.07983141678487421,-0.17141140734874072,-1.345942620466325,0.9674276809456731,-0.03297758484053631,-0.7561267282782648,-1.1017211421696766
-0.9631162160261462,0.27480286158356637,0.18340284464205742,-0.2671669339635486,-1.1894819497997209,1.9789706737588582,-0.10927175654696167,-1.493222443868565,-0.7979988011990402
-0.9119706546402258,0.3453263014178477,-0.2233596529943261,-0.5423097906098231,-0.836376838028566,1.9260693223139036,0.05361023129336963,-1.0289432890510388,-1.5651992417175304
-1.3902124306769055,0.8614307987602328,0.5664991624644744,-0.8012081159661445,-0.6143722326732809,0.9207732669068066,-0.8403169237875523,-1.7546544704549276,-0.387954450601111
-1.176730858847011,0.03996725507816462,-0.015092321143708398,-0.6815231190151502,-1.00070921550443,1.3134097165861165,-0.5821905193246041,-0.29187340216288227,-0.9825521820156835
-2.23904958891055,0.1563734276283516,0.03853465040798876,-1.2828238445477513,-0.9048058442433092,0.9570302215650185,-0.4491390203382291,-1.1871931904380868,-0.9723301482691907
-0.902348134459461,-0.035278477204839676,-0.6457019763568528,-0.7439405764159188,-0.35894029275023603,1.1098929793070336,-0.35406893265708594,-0.9163131266794569,-1.647786210451911
-1.035646362501595,0.311658630117227,-0.5943852056472613,-0.6519805857822167,-1.0089104960961655,1.4925599315564189,-0.021405786197454646,-0.47750246084284903,-1.2280382076804413
-0.9805532884967038,0.78853923791114,-0.6928117004021386,-0.8992149608378353,-1.6244018624630396,1.540794506614657,0.14545525711444834,0.11322545501569026,-1.0898757487129702
-1.3527540408273362,0.18344924545953786,-0.3658509541400557,-0.9867258272548352,-0.3817042210117746,1.2322385179582807,-0.02212346427962089,-0.39832857063378546,-0.35801232271108874
-1.1644014046524847,0.5076936473201261,-0.526179498509222,-0.8359524201534377,-1.0647636233671314,1.9051251216070801,-0.8620273211713358,-0.5280260230281804,-1.0542250952717511
-1.0328607355133435,0.4345140044443934,0.33542845207754607,-1.2694422507446836,-0.3585885760747762,1.6801167698116364,0.40528225164751974,-1.157146563586955,-0.2143539188959409
-1.1780319100306234,0.4333763673651444,-0.372727185937245,-0.7553553276175838,-0.957468037547412,1.250459331611903,0.3360849753557828,-0.5348822870814893,-1.7292610081021553
-0.896755340641137,0.8148649058463703,-0.2500747543178606,-0.5999003720873168,-1.0023843103678778,1.837505227162309,0.865965794854653,-1.0653351019916173,-1.1242972211833395
-1.4394028036215527,0.8049735183490829,-0.03138545671734999,-0.3840886381374869,-0.7810056430077035,1.5690132763050415,-0.15655523331267213,-1.090167877953438,-0.559383701373575
-1.3790670674442906,0.2735824386685993,-0.5152075675196173,-1.059489101082285,-0.5988221511636086,2.5852689174911703,0.2155666824599402,-0.9779374936572613,-0.8112903303296243
-0.9113108095338898,0.0868728690633544,0.08009801845216691,-0.9618934314794865,-0.4570971887208148,1.5977760895492976,-0.5858801645415804,-0.6489481755203638,-0.5497212213443817
-0.7404349223162676,0.27937583765859747,-0.2839036751021846,-0.796249588862328,-1.3719918529845962,1.7956456727388281,-0.32057792350506686,-0.4980195572648437,-0.7320445566400826
-1.6320448368278386,0.3775649701988262,-0.08921030015238873,-0.2968091203270031,-0.691301076100573,0.9843282325985626,-0.19378204706244462,-0.2605869088711608,-0.7567156929635552
-0.4913241295054126,-0.30419289494474505,-0.2780137286227372,-0.06355554759933235,-0.8520174901198667,0.5600512677366046,0.3492339526008108,-0.9319997724624123,-0.7446111451689588
-0.4561963660869871,0.1078675879756717,-0.12899012543987157,-1.26350785510486,0.20638630765562094,2.361884858143861,0.022223834349573854,-0.60506998766874,-0.5874677687885512
-1.3855595019339222,0.2283043343902636,0.09206518394815394,-0.29247821671808577,-1.1781220800642282,0.9669317932896024,0.18408224879015966,-0.9115004409013727,-1.1159481584574753
-1.1086967689770095,0.6788182138615373,-0.42300866449672364,-0.9276686998504958,-0.5939280739983899,0.6779700136858144,-0.5971362868796798,-0.4111100328464631,-0.8321857066267532
-1.3751602514229457,0.1946829548360053,-0.41161283520248093,-0.35468707280792855,0.21452084827887186,1.0542682675471269,-0.07297007035541041,-0.6190102497907515,-0.7052737384871983
-1.4511664943710407,0.37921018026082487,0.4637406227153284,-0.7021583512227396,-0.8664145928569233,1.806605662343097,0.3066135040663796,-0.3974771127694693,-0.32725672507963255
-0.9121681740693105,0.506531231346396,-0.3945344473593592,-1.0698125737027704,-1.0760116638849642,1.5748954488315494,-0.5752979179949356,-0.2928202975885683,-1.2031586482114138
-1.375919370583143,0.36650053993053167,0.02138489362219087,-0.2584808785111983,-0.27539173632580666,1.2420615250644693,-0.12398220615500827,-0.7040245413779241,-1.4386867051009404
-0.9851615333046145,-0.11712299430176104,-0.49098721411032775,-0.3387144594981792,-0.6447802154862239,0.595025886824518,-0.5870861346463472,-0.6328168973953625,-1.2136769072262834
-1.1157368707662347,0.5979277937618499,-0.6716700082227497,-0.5760046058994167,-0.8719183148172684,1.833891816047165,0.09296824442349762,0.16433992103139983,-1.2034587629264255
-0.48683406797669004,1.2164517354467317,0.30584894223383324,-1.1300092437582376,0.13687317486517303,0.9059648262656342,0.1183326952658313,-0.3141434155036223,-0.8923859981775929
-0.8834121903590704,0.5024404016289761,-0.5232921155490415,-0.3691225961141564,-0.5872938949401745,1.3001510661952378,0.1763967466070246,-0.30453911034844444,-1.0726000662018453
-1.0935305265063624,1.194434818945488,-0.17533165127366565,-1.2683769950723884,-0.26778013804722733,1.4349556621533646,0.6383815552545729,-0.2541822851529588,-1.1455541911326288
-1.2966881300312219,0.6402189463451464,-0.500625271908633,-0.6617606509168098,-0.5983975066242727,1.3624423127038918,-0.00816810165067959,-0.6214864409836509,-1.2111738785865191
-0.10873294335506767,0.9187294236719832,0.1557778645539324,-0.8478147536639928,0.2252237235674509,1.5298222888118804,-0.049061472493093894,-0.3842122904237335,-1.0636723096465717
-1.3118532994598375,-0.0686444052722805,0.7965814726150993,-1.0998265403513847,-0.5123121998951434,1.9703210390894283,0.5074582755843332,-0.5595067515790096,-1.3204239414191363
-0.9935743602476085,0.3166674789934529,-0.9412440447214054,-0.6881276318877638,-1.1624238393361561,0.7198271626417835,-0.4310277534944056,-1.5393766345720052,-0.8763127118058152
-1.003452524511831,0.779879433962291,-0.7715242909276496,-0.33505566823945676,-0.78877724744093,1.307473319781908,-0.32439953956530887,-0.6127992300104962,-0.614430879267273
-1.9849387757761945,0.25069825092276377,-0.1374928510936803,-0.5759346513995884,-0.7418762950410948,1.484821127735885,-0.4339075583784272,-0.10772428732279676,-0.9918815607867748
-0.919218375178794,0.40424421639696917,-0.2658385531627214,-0.8129573318319256,-0.611483893531105,1.4569847104701663,-0.13077722688950982,-1.235400533701145,-1.790010538323689
-1.1826746679525981,0.544855836567744,0.1181927701038038,-0.9274507143093816,0.03675257247047037,0.8559588239097584,0.17804250590639592,-0.8753099153589073,-1.0833398167037545
-1.3433085969471723,-0.0074421439962722435,0.17397277184724852,-0.700348453292281,-0.5097139147958089,1.246207659369124,-0.13206732633984275,-0.044564988322361776,-0.4184045482812392
-0.20540002286743642,0.3861563845904278,-0.7083978089070174,-0.5516776888076068,-0.8264248308048519,0.9765032352069666,-0.09228790926223102,-0.6543166171475829,-0.9184790932069147
-0.9877023415801558,0.48355584351324665,-0.5116544189520924,-0.8278605303679809,0.0041466908389774515,1.6449700284181137,-0.3686438677071413,-0.5917860809369005,-0.5423751099457145
-0.9719162483486931,-0.014266823508045867,-0.3430349189191362,-0.5099840815438748,-0.5976525404500602,2.194895991815353,0.568910265963021,-0.4607909612854455,-1.2067763382352032
-1.0790300560914239,0.5305337117606465,-0.3703198869791273,-1.0745383470979193,-0.6001922436525041,1.5242902187136116,-0.9694091905655919,-0.0996737564862461,-1.3887593728257255
-1.783688185061583,0.3671068176801435,-0.6161693133636849,-0.20756159974687882,-0.4204638363027996,1.220301017259002,-0.6731823832378405,-0.7148573569127442,-1.0340878018720052
-0.32743657571171747,-0.4131026849351696,0.05017811916554138,-0.8355515396204698,-0.007267505643063332,1.4046547084903762,-0.12701149840861828,-0.8474971934091917,-1.0442212675471587
-0.5671040990390388,0.4229788773489689,-0.32984921038782483,-0.517969993608492,-0.7228024325388973,1.0245911525329938,-0.044678700952565875,-0.5849669831899218,-1.79602506950498
-1.2024853421733048,1.3900366774676451,0.05994396561631715,-0.33152106421038174,-0.7948080283763281,1.5878523164726137,-0.5115084357656947,-0.3262870106859788,-0.8825946218856113
-1.9022860558243364,0.33724225176109046,-0.5574725198536878,-0.6463107876049955,0.19761106742861467,0.8007397950793476,-0.10565923418599871,-1.0545432962765926,-0.6020157604770997
-1.1760278275113552,0.9077905328950833,0.23394963050708123,-0.6222998247443446,-1.1102370917292164,1.5590707410721585,-0.40625174992933516,-1.386210321060926,-1.8063552127864728
-1.3995698372273002,0.2232250196953695,0.10615584533938771,0.0648634605383338,-0.5734104475769052,1.8426301308505795,-1.253858443444372,0.3038340626445354,-0.3415958229241025
-0.8849500332524911,1.037356613551307,-0.1917709333342051,-1.3305724844167302,-0.6891601642052779,1.80586890574223,-0.21999335698601208,-0.6198251221734506,-1.7976014773494782
-1.144293958723886,0.05557832173453542,-0.8581203387837646,-0.7666490315160863,-1.4156090532757393,1.6923928934940375,0.20530481136737883,-1.023294660985571,-0.9685961216528004
-0.928027016612313,0.44589360288084245,-1.1049106350414974,-0.8068600020451858,-0.867894483291056,1.3105311343091015,-0.8514808085931049,-0.3236901623713358,-0.7751812775983583
-1.3690865098074188,0.6498483301887031,-0.2807878977967719,0.18974376672994642,-1.352824632188288,0.9979140348788906,0.2854238060455114,-0.27143860393271274,-1.2711665532201888
-0.9176176066973584,0.16082726554124183,-0.3839969146323894,-1.5804910729538533,-0.28730001758884594,1.7968388235900872,-0.3915525338633138,-0.30324201030636416,-1.009721175795155
-1.1133735690158721,0.2675167273200956,0.02082363397099435,-1.05239772474595,-0.09798301495137884,1.8216141945460183,-0.5630952826233226,-0.18024280382592678,-0.12459034661762636
-1.0677767335225354,0.78194601284635,-0.3005892710159398,-0.30324569760329345,-0.0425275265972882,0.6191308659851341,-0.26172163159451584,-1.405401430087089,-1.0530003880522036
-1.3290009815885728,-0.5638480560317067,-0.25670172182271217,-0.4510353006164388,-1.0161054081436156,1.030665300797729,-0.7707412221100802,-0.9539224813343637,-0.4202408259157644
-1.3159352741698769,0.7109771083179082,0.023289539442660045,-1.1688089530673464,-0.695379742687656,0.9944908986034052,-0.2506237749681356,-0.3759923255508043,-1.2926706062843414
-1.043673183692472,1.0996458946723662,-0.3853316043277598,-0.28309274347371766,-0.7045498732479829,1.985081168382267,-0.42063916418179537,-0.1885474547327992,-0.7950634430322653
-1.2574411043367333,0.11551400119413974,-0.433532564208909,-0.34714655286347573,-0.6137432247955072,0.5782685056226129,-0.09828901741919441,-0.307148791299485,-1.374341710888404
-0.7412170108029705,0.6230120647759883,0.5681483864646752,-0.46572278304950365,-0.6318448389449537,1.5042179090862076,-0.10196435906969548,-0.05771389279245409,-0.5942489858805692
-1.4411294894082203,0.6174598469018222,-0.33492249498618304,-0.31606759827414815,-0.5563997253013568,1.581087161287722,0.8437818283412076,-0.7392736954489271,-1.2719951206569338
-0.30178978364393694,-0.37539383163362156,-0.7284556809583,-1.3888866172422032,-0.7461124429215248,1.725743714396877,-0.04394612385574295,-1.013182508399908,-1.3826810151466051
-2.073428655194575,0.3081441799540331,-0.37966976844603983,-0.054959260339788374,-0.8819409578399473,1.83077927837565,-0.16889890616138417,-0.6648275365373071,-0.5495978390984808
-1.0742248822799372,0.06922169040500992,-0.54219543031642,-0.5012428584288533,-1.1030150300930965,1.3091256187780809,-0.13804567461483783,-0.34051185690376556,-1.8898500383322046
-1.0147597766318879,0.525745728161656,0.08707367950618855,-0.03604678738971112,-0.8191376709982835,1.7059193328650548,0.2146497851658251,-0.20662634167207417,-1.5136206163206103
-1.2351084478476146,0.8107029225635913,-0.46921782157896236,0.08501603527583479,-0.8576585077333425,1.254079364178049,-0.29418768701737724,-0.5557282968578853,-1.2941404127243716
-1.254302393667205,1.0766757769044084,-1.1017036228898496,-0.9286485670206096,-0.10996360357924062,1.1035868071500974,0.490482000300671,-0.18539998290111853,-1.2452047638694994
-0.44545063219519454,0.24592787379878722,-0.1473059266870118,-0.6153248917736924,-0.15072848371208136,1.373835960593441,-0.28855270067978867,-0.8339453448528791,-1.204048736516445
-0.8752136096252952,0.6200873489926437,0.09455230067269044,-0.6342599694044391,-0.5301537167848067,1.7145540478552546,0.21619086370971485,-0.5312942435612086,-1.5356165188804165
-0.4765147466496106,0.6183741854011366,0.39344618842336293,0.07810835762092305,0.16958090851049168,1.9546154127467292,-0.08337085714486159,-0.6664431810663605,-1.1158414870038358
-0.8216797804187272,-0.024587481626303198,-0.11498913736528024,-0.9426739467322769,-0.5151030788016675,1.947828743586967,0.12814888177050876,-0.46797829477442726,-0.7109469701675698
-0.8931311640322728,0.2892685493892215,-0.5044886413745542,-0.9089284565336049,-0.007846122273829637,2.492740777703747,-0.42933207312314586,-0.6552633728630893,-0.6191490082658856
-0.6661600619190589,0.8273703258232382,-0.25585947908203427,-1.1569414365774882,-0.4555043417611444,1.5274419207265344,-0.5959300652589483,-0.5398456576007272,-0.9032793025065187
-1.3125159342766972,1.392185316446364,-0.483062108692798,-1.5898246172533617,-0.6430207200372957,1.4603463102328436,-0.07555048245067075,-0.6570804057686406,-1.0168946014340903
-0.6780536114487131,0.29380968676563657,-0.02404205166588219,-1.0742758493979374,0.6729758387540272,0.827346174747285,-0.060522048463253035,-0.34513980728984334,-1.322194168118079
-1.4531893832857334,0.45626949477422385,0.2184141880248628,-0.724244914068845,-0.07293818433937016,2.157197760620188,0.27106717847488876,-0.6487667018592156,-1.1931860413204896
-1.04150640522997,0.28102170624745193,0.06687038521311839,-0.8749770510570627,-1.0579053096059041,1.8841743820105088,0.3032377629702028,-0.4349523746444358,-0.8378523016974678
-1.2855213176213836,-0.34778945889806384,-0.3976560182633656,-0.5834422673818238,-0.5168571799531846,1.3443862808695548,-0.7683052833917159,-0.6672958962992879,-0.7254345303268086
-1.1232851235067496,0.2567786845371911,-0.534996888049202,-1.493281606903499,-0.9458903916706809,1.9559107295793101,-0.5288772628324159,-0.44402051394659436,-0.8551233245646574
-2.423663405958012,-0.05436190527327778,-0.10138098548415769,-0.7973730676991426,-0.8894556289592004,2.128705124175273,-0.31229176075542814,-0.9584982767725311,-1.2482136660980436
-1.0866232679445058,0.4416715283124132,-0.07019024440834315,-1.452331369520195,-0.7397816436030742,1.6036420688166029,0.016428312852856827,-0.6137429043695899,-0.8773146203078521
-0.8937734588967636,0.3267144186981321,0.22086084387001753,-0.638114395358832,-1.2433274858792829,1.639489950646263,-0.2316473392587598,-0.7329606557359937,-0.8931197990148236
-0.9913181197665087,0.060313584606975834,-0.32169975074404433,-1.0902280035422092,-1.2418629664852032,1.5178916388256447,0.36996482892523397,-0.39636635352480976,-1.4660291169143493
-1.421056430843692,0.5055819583065807,-0.05789008436216281,-0.6479157484377516,-0.5634443161816856,1.3144521729460577,-0.10927158778735,-1.3702207779477942,-1.7369041325961754
-0.4552953536440275,0.13696518477527125,-0.8596002999140768,-0.6099159517060396,-0.006788475705149621,1.6975398692795554,-0.13266258290429198,-0.4450349374160343,-1.4927400116942717
-2.2529724171728196,-0.09601218604928646,0.7648466335413557,-0.8821113530994045,-1.0423351107236254,0.9871476599407186,-0.4694936430264578,-0.6256403860443245,-1.1438518117951992
-0.7553959840044864,0.38063208591644593,0.3362653441934434,-1.179334257355402,-0.7413233570457102,1.8533523414977955,-0.8662466749293082,-0.028146844040466967,-1.1583645287547586
-1.149814462623674,0.7898790340982751,0.12220685692390132,-1.2023739399512279,-0.1912011104633507,1.4514180450161274,-0.1814304983523026,-0.09750052983926938,-0.6038297011212133
-0.7749580139971436,0.6954017952832697,-0.46034537236232165,-0.3168336085218274,-0.44218380691068315,1.473954423686266,-0.24670078222974196,-0.22538593917904426,-0.9133687240548698
-0.4574416558212123,0.7623821888632278,-1.4354639639188556,-0.6863820016494981,-0.33244906217082093,2.2458787120982224,0.06406255612051627,-0.20117274817634467,-0.8995707315382362
-1.2303643547944594,0.19964533388194403,-0.22655347153416788,-0.7641345601039629,-0.5044837248962696,0.8658456434880611,-0.34290001479054333,-0.9818268415051221,-1.0712913118571974
-1.2491691573247636,0.4835999516882186,-0.1924904614766883,-0.16249005392199134,-0.6638427601565309,1.812173730529119,0.2892197117439825,-0.6964102670313485,-1.6634707419763843
-1.2818023981511915,0.15594524848932495,-0.13743877737024895,-0.8511977333777442,-0.3888754367088172,1.8944088051383337,-0.18500532843334008,-0.7147140572252632,-1.2215620705489627
-1.43256974789338,0.024816430992287863,-0.8588370126166072,-0.8636503516301228,-0.37585014769667346,1.2060221921276548,0.42088464726452435,-0.2640227355633198,-1.2129741244272703
-1.1137584185108513,0.43639433972979225,0.03960705743642223,-1.12292669268445,-0.20570789763330866,1.9962814695175126,-0.43213796883076455,-0.03794555469186667,-1.2521247535287165
-0.6789991397563626,0.44375787054671406,-0.8607863701879859,-0.9550172346131639,-0.33338350113371895,1.8366710208887347,-0.13054208071214374,-0.7469851166957452,-1.2358988609812234
-0.5466894076832236,1.0820428119731147,-0.5027348306280851,-0.642955171903749,-0.09711819049414439,2.2105923583022946,-0.18841718429998464,-1.5354068859723222,-0.9624711853746379
-0.8475389795587289,-0.10831225239088532,0.08426950899032176,-0.1986492996765412,-0.8346567203644453,1.5520945885278772,-0.6325485487197711,-0.5532809869891885,-0.8537560681674979
-0.9007214587889509,0.3905622712734953,-0.3273617431600137,-0.3585691718397107,-0.5948486726341538,1.730610509993076,-0.6374155039685084,-1.3787631274235566,-0.751489224842056
-1.5016796358588747,0.09784802569444695,-0.4625211833082612,-1.0242428786853819,0.05781562392053641,1.8904771173579538,-0.9647018717927138,-0.36958034231856995,-1.910571032131442
-0.8771741179330341,0.5144856625452601,-0.08654554044469945,-0.6642464606623608,-1.0267650019300982,1.6558761158007358,-0.32212560255473865,-0.7518879650219199,-0.700716056430108
-1.1828506349345576,0.5928520782847764,-0.34447746357174486,-1.3902274448601433,-0.16565535250609342,1.7506580918487478,0.3890520620687238,-0.6118195220572634,-1.0757308650207456
-2.178191725034435,1.0109027282781118,-0.7739758326009556,-0.5347178634316934,-0.2299042156996659,1.9754230081364166,-0.11704554913568438,-1.1001508468688574,-0.9857981228066085
-1.2860248182830212,1.0075374704896025,-0.15281339184957446,0.4652718652561104,-0.24664694835673318,1.5041949800334775,0.12181107476100224,0.011553686201501767,-1.5044876983007924
-1.6763946529010874,-0.5047532148184637,-0.07289058814388721,-0.8906201398651374,-0.9080777489470863,1.0650330031106667,0.2070187849755914,-0.832436894358642,-0.7283828509817228
-1.9521722527315948,-0.2511227407638758,-0.051104616475613845,-0.8437477214937649,-0.3009266953922354,1.983856790056538,-0.3903668510183005,-0.7745426211126484,-0.595328647795001
-1.5043339278606669,0.8258705072482427,-0.03955615098176138,-0.20004011465442767,-0.6602721479302444,1.5383140903278116,-0.06376964567224225,-0.4402171790985503,-1.6692800707972184
-1.9359396012860774,0.718663857879412,-0.43037418704156394,-0.12241984861589394,-0.5861213703777733,1.4491866645580527,-0.5469288120122747,-0.5843274540708999,-1.1191311255854683
-1.6893436641807553,-1.1066337537905857,-1.329332684358379,-1.2571263518351992,-0.7029442423799521,1.5243624089016712,-0.698536882493502,-0.3128954338044673,-0.9464756132323568
-0.8971399559255331,0.556720182956628,-0.48668662496225806,-0.9500955640446177,-1.0224165132878749,2.2932827697806015,-1.108975073983665,-0.16706346958149515,-0.5405447011739691
-0.8358349764816684,1.2576698251277376,0.029588301848452403,-0.8440890115629582,-1.1375662894322631,1.5363911829321009,-0.1628245626586418,-0.5672958724314096,-1.2458095261247708
-0.9316380058973684,-0.5024858670341386,-0.3032181080926228,-1.5167878556478045,-0.390735836886454,1.4814477378680981,0.33087839565028854,-0.7705084132051991,-0.7844412852613529
-1.3602710196181784,-0.08874313066067968,-0.26762250722227443,-0.9962916360372194,0.1719975477989748,1.767254656962582,0.03252804145128836,0.3107749982939867,-1.1097835881219822
-1.5049777955862451,-0.26913984666194785,-0.24863844456109319,-1.1175013179728228,-0.8065942173101263,1.3012291149450315,0.6293801919401529,-0.06932822254103965,-1.6559054451153026
-1.0366956687285038,-0.03972164707565434,0.1505439448013886,-1.5080728684826448,-0.2823923630015,0.6223820962622914,0.3753526830050626,-1.0960096019063987,-1.1902235298842947
-0.52110719988498,-0.025837546148137436,-0.9029824315582557,-1.1101649399516256,0.3684542033780587,1.6430318421513423,0.22980992344639373,-0.5621329209185112,-0.8610677077456312
-1.0162115954799698,-0.6770484774808625,0.4589360033063667,-1.4561952534723388,-0.2803730138437584,1.8832076556380188,0.22027348453868162,-0.6153324288342074,-0.8654659992987839
-1.5444903246536261,0.5862377084606464,-0.4839970844998686,-1.0689855782621729,-0.8141560941702042,1.065425495721156,-0.09279633213075913,-0.748724436182207,-1.2267262699461354
-1.3532383682338327,0.9797245284628335,-0.3567869000239732,-0.841326347030302,-0.1718310458370162,1.6997206107148177,-0.3287816983322038,-1.797862384173265,-1.7260246011724454
-1.1765831409779435,0.3351592920266261,-0.292920925422932,-1.1307360393066321,-0.7390787000547461,1.0689967292670919,0.06164889643290654,-1.1105713958300192,-1.0399170611103987
-1.3265667253227575,-0.12268255776482978,-0.4632241741309668,-0.7411175320747272,-0.6288801082615458,1.6784839050067708,-0.39593913812290643,-0.4175928081966199,-1.457418047210037
-1.2866096959398712,-0.5159837353331727,-0.5242856378519063,-0.47940154279401687,-0.9979770872965208,0.9503346937541682,-0.5699216372473475,-1.0344143152014535,-1.7535977942757315
-1.3017972713007455,0.5860847288269899,0.04045491027798981,-0.5928384129766905,-0.2105407523094206,1.604052077314549,-0.33146092098497687,-0.8900101904217878,-2.0894878872808915
-1.241325094642617,0.8605921367194205,-0.4374792033187627,-0.21265498400317784,-0.6118411251469339,1.0325424581374603,0.17305996234324889,-0.4180668406830098,-1.3142933934327998
-0.43709135639970365,0.6669397238522323,-0.36740499229177986,0.3964643832111151,-0.5570933771044136,2.3601580769817985,0.8429656991708498,-0.7265066405429003,-1.3261081258883753
-1.1574942781468538,0.057440778338802956,0.12833847690911748,-1.0252950475887852,-0.20100362060152865,1.7071997143432676,-0.17072306979942695,-0.7625946043335734,-1.4851481980505217
-1.7367636022643853,0.08673774111190102,-0.1858587223425382,-0.5995527757191347,0.6385699110104404,1.5835001839034866,-0.5020051214756847,-0.8061749514563515,-1.096711297222639
-1.18021925157734,0.35611310798692797,-0.4205508578107214,-0.7756563361895353,-0.9213936628014592,1.7652813512482726,-0.5544301527569941,-0.6081733759317354,-1.6347501260282282
-1.1930841011997333,0.46796577017930924,0.9238869533872973,-0.5937845594459017,0.26347478683059145,1.588103896088022,-0.3740771290663584,-1.2411640978810876,-1.1658750769855517
-1.2667560675541594,-0.6041792240576214,-0.290185903819689,-0.17576728811370845,-0.6450398460789133,1.812779615143365,-0.056843090295218265,-0.5674555808343412,-1.3575955167181684
-1.131241300259488,0.34434924128239147,-0.7230463981463146,-0.8271568101252672,-0.3862372389041979,1.171222444793261,-0.3851677500549839,0.11900572186349678,-1.1335139657996933
-0.6359608037679085,0.6068747687389713,-0.3875195642653445,-0.2470190797065936,-1.2574329388131997,1.7635685607878253,-0.23108587939676994,-0.5937338681464527,-1.0229996882529435
-1.1421522491166582,0.14242755987145567,-0.7651055530190367,-0.1137079143031624,-0.8612281783379077,1.955394486747385,-0.32738779849433675,-1.140477584247062,-0.9233664967198566
-1.4218459574762892,-0.14314532285989184,0.0967144112083545,-1.0079988257590817,-0.08926344477180503,1.5937400114577776,0.42260138341923037,-0.22459220658161022,-0.8524285065720512
-0.8297099255773193,0.4724027388718848,-0.1306396755924981,-0.45040878537391016,-0.35583434739067865,0.9538477110939211,0.142416061416287,-0.9481895870472986,-1.0901223996925573
-1.4433719484454106,0.6392054293241638,-1.240264152506922,-0.37489508165899754,-0.5809285808686013,1.426468771668186,0.155435713402993,-0.8464925956918679,-0.8234299450837113
-0.787956904336544,0.29949935567902836,-0.5854290442784322,-0.550145869473632,-0.960017463156777,1.6944145991530517,-0.08074061044610685,-0.7359300539297268,-0.9534407941663036
-1.0861065372054448,0.33129882712309094,-0.4957913033452791,-0.779288689243815,-1.1531875129328675,1.5583057348413965,-0.6371014263220628,-0.5775154724033361,-1.240465380079375
-1.9501696163616054,0.24795305233222678,-0.3548922106963473,-1.1456329135044887,0.176136466875346,1.1383329646604272,-0.3659429301071198,-0.11382974637098986,-1.4627555909023287
0.009058348252450665,0.34934394237368355,-0.28866181372927685,-0.5385711867012654,0.032117020838021815,1.623445066768808,0.06713441624565021,-0.7525895654341233,-1.1764789855344082
-0.398115996943731,0.7325696602331226,-0.20436880370216892,-0.2984215700352028,-0.31350330766169693,1.442038153216345,0.28217391175518275,-0.7833091383480436,-1.12751011877153
-0.7271628726569672,-0.056724301128357746,-0.10034580365997037,-1.2079937541010386,-1.3936064684112281,2.1176578472194185,-0.4695999814562964,-0.4492638961097121,-1.3548581090544476
-0.9064755113138041,0.4711129926577562,-1.2691924464874658,-1.217164572692135,-0.32848935437202653,1.49960941428611,-0.04302214365972115,0.26371593481644384,-0.7515277576513785
-0.8855864573256801,0.5864193278091843,-0.204685020129532,-0.18950875869349004,-0.731322161884787,2.2335509983142776,-0.6812278667818875,-0.7764567990288282,-0.5799127829920314
-0.9191440286100113,0.6433355299934281,0.018614378716326763,-0.7048632494114829,-0.45405382921491766,1.8465030926596078,-0.6380419757232912,-0.4170098889826719,-1.4199948751105973
-1.4081151280438513,0.08893774217101769,0.29383567299707897,-0.7478149669576823,-0.5379093117656916,1.5531015334503733,-0.06164273303465217,0.44334284044321093,-1.087179673966071
-0.3183015727230525,0.12313676920689942,-0.4049261153352761,-0.3353526893116209,-0.9512450918489835,1.9578945781688721,0.40563595897873117,-0.7968105677509688,-0.6340451310707362
-1.3198803693673193,0.41654930614237895,-0.2526876598750208,-0.5137576332940833,-0.5573266010013301,1.1996991983989722,-0.03921255988476682,-0.2577385317759591,-1.2579444486658198
-1.5061298759626007,0.3244409854708018,0.2959824019207507,-1.2740163808236524,-0.023661637008704273,1.396130237885208,-0.26566493964362065,-0.9889177978602779,-0.7938206301794164
-1.6648103989928913,0.39237144531147644,-0.9155732067118736,-0.7225508539641455,-0.9480650351414988,0.5940049211925985,0.3735286341741493,-0.32111567177421163,-0.8597632432222628
-1.154515471084218,0.3459044577620345,-0.6228258922709471,-1.5027128446496922,-0.7962495369485465,1.4977468888272254,0.09094971423211991,-1.2291795308760207,-1.2718569601592402
-1.7570803318247388,0.20434778064032813,-0.5197573788853352,-1.3227470399052228,0.8704551194306878,1.0628286589713,-0.19708673639789362,-1.0407640560752032,-0.9996088896011736
-0.9283264150755717,-0.2779882357519276,0.14990977989210136,-0.6190999957779787,-1.1209079100121704,1.7571244314624173,-0.9917381521172381,-1.055582200855814,-1.62006084309578
-1.4031939651084648,0.010831902543091687,-0.28486086227577684,-0.28215469419923844,-0.7699829704828091,0.8136390630644064,0.062339654469830155,-1.1662618990593279,-0.9973761502474745
-1.2848811993203437,0.3704962432898368,-0.2564775529360592,-0.008646873087149287,-0.14949128157370062,1.6088520021307775,0.29151637910392714,-0.5551053983287098,-0.9764215302118737
-1.2810886555881311,0.8591123882081322,-0.10914587411898727,-0.60611394072393,-0.679962076118896,1.322696213045751,-0.31948509301888284,-1.2129707266226317,-1.3177866411202337
-0.3822426745536385,0.9719224346603397,-0.2662629002082333,-0.1041612707851225,-1.1264996408245938,1.092402759350481,0.32695576494963446,-0.4792515388355555,-0.5426254337810202
-1.3417198185417554,0.8336890888951356,-0.37562804021364077,-0.6165372288492156,-0.8259869612498151,2.1849069829395207,0.4516596895173457,-0.13782445741269866,-1.444050602890871
-1.0037320155299945,0.3309664788307073,-0.14504795621608504,-0.8168800221236622,0.1984369836455646,1.7972604410491462,0.06188425377597297,-0.6635298672512291,-1.1784168590241944
-1.0035560581059322,0.09842414802512656,0.15159048610495307,-0.7485069705985191,-1.163102484450539,1.8335099657059852,-0.2709280861389129,-0.246827154036992,-0.808188504901746
-1.3884340386463472,0.5790790452218278,-0.34347588116350025,-1.06424562588778,-0.018634399831237602,1.2668429577822267,0.033827678669809305,-0.4762342898231534,-0.62789119010466
-1.9541078777662095,0.141856834030821,-0.6409500219954707,-1.1270117028177862,-0.7392202268454486,2.0314423802237513,-1.0410715861966375,-0.865280319943807,-0.6264885523553221
-0.9690431686031725,0.3015326106635126,-0.2992562655536152,-0.832157815111159,-0.426940050349477,1.6470536061087668,0.1291886529976662,-0.13821570477852463,-0.7413836230824642
-0.931620105814096,0.1970576862817217,-0.09693824810568025,-0.26978039011352917,-0.39834965916047005,1.8527440559212738,-0.16642902770353266,-0.12322338624940277,-1.6614302021863532
-0.6042190701989231,1.0026014652145554,0.807470075571685,-0.4060427476497039,-0.007119566543175804,1.4223366202847274,-0.6734089278102543,-0.9734241405476758,-1.1130555371079502
-0.9234678137676777,0.7589330232903949,-0.798139245498922,-1.109061153924113,-0.18444515374608034,1.2756993015874554,-0.19256349180159793,-0.5592050906880343,-1.2740683063633846
-1.2563241735553443,0.7850994730265006,-0.16501491475641933,-0.5217967538626428,-0.44958906223999967,1.302779453404848,-0.06221827608596121,-0.5113971383140297,-1.6821428553067586
-0.6960239880475105,0.4526410781497006,-0.835259402805336,-1.0763199172196307,-1.1079228729904251,1.1911095489670664,0.22693300533315497,-1.2425408539974525,-1.0180213966979543
-1.0931539562978374,0.4871373183683745,-0.684771753094258,-0.04546819402114588,-0.20170849120437856,1.316649230300548,-0.8587525885276874,-0.506482742462512,-1.2126522095691463
-1.0100904228068157,0.16058968054024336,-0.486093636480911,-0.8880848573451415,-0.7628937222179787,1.52031549564447,-0.5227052356213006,-0.38851910760929215,-0.8421265880568622
-0.6778831133337815,-0.2910347463321163,0.0018479443026518938,-0.6420022259654397,-1.169346956495033,1.21127130780381,-0.36860681663209055,-0.7172902157438792,-1.634706206208791
-0.7023196418607709,0.4934321392744891,-0.8743336759188103,-0.34150017366290103,-0.6530320256581332,2.004834158827444,-0.4923632433282936,-0.5582728060981733,-0.9443732295473437
-1.1612457490553139,0.6711220710591203,-0.7309882642774487,-0.9026051197419056,-0.42718055240495306,1.4088063476551094,0.19034568263935298,-1.0182925380628192,-0.95608383720125
-1.5048042008198668,0.3426231736352597,-0.8221249774561088,-1.100064468089514,-0.8701509921593229,1.8041577782205338,0.2760037733420432,-1.0679756935081162,-0.9843000255243753
-0.9789103664156473,0.11459577914568592,-0.2974058610828215,-0.3079918380510849,-1.0982315728335115,1.4646304702359891,-0.49319879156585555,-0.17611881965060389,-1.0354361889544992
-1.239166821544301,-0.2933818889468018,-0.5735443076685695,-0.42593393362626414,-0.755061422671295,1.4854120231356407,0.5542836112857956,-1.0965349345302178,-1.4559803801722873
-0.46202584916755773,0.8779892589663818,-0.16191447711487017,-1.110630340191044,-0.8480437150508094,2.122359682270404,-0.5424581287924839,-0.7787654359040049,-0.601775653186309
-1.330212690567988,1.0718727701733441,-0.6120342485464247,-0.9143283479446174,-0.8219673625152315,1.7397296363439605,0.006229384848621469,-0.4627797221104353,-1.1363040449791288
-1.4680861534423268,0.4682375162825926,-0.6752566248182588,-0.8808918623036017,-0.45103413657046987,1.4813807717637077,-0.594469669657051,-0.5018307275479641,-2.0259910437207216
-1.316004804794801,0.8877139030143848,-0.814121527547313,-1.1305586903602671,-0.0026324674216020583,1.635582937448425,-0.2353122828097825,0.023513551203217187,-1.2566466778166259
-1.2303972527303029,0.6952388614226436,-0.8286289875422503,-0.6133257934660388,-0.7687799281818796,1.8879230155595714,-0.3448964871627039,-0.43429518089737795,-1.6833926302244824
-1.3344015236109315,0.7665192239695766,-0.36734692896601234,-1.2039453478401565,-0.5318476774062433,1.8573719135119862,-0.08944438809606399,-0.9681649709723197,-0.6500993723233446
-1.1206904296703626,0.3660319703099132,-0.8043569726113704,-0.40353867358718215,-1.1867429037587445,1.437431116575858,0.0970661454304713,-0.6819676112538102,-0.7982679270961992
-1.3563746269094368,0.7125018171574449,0.3018693664057895,-1.3278144572878032,-1.3837369554935197,1.44595493831496,-0.31544066434052453,-1.0253293651650521,-1.1594037648841673
-1.9377845230734971,0.5928182249627633,0.36238683831068313,-1.204801092772194,-0.6095407784694793,1.6497698329421513,-0.0843874543263359,-0.31859164688117037,-1.1036942901042657
-1.4717097697625616,0.3044058065477673,-0.5777227025889695,-0.5842977945775889,-1.103087146929654,2.182630053652175,-0.1724977801881106,-0.5028350032381892,-1.1537196013304019
-1.015644792751388,0.4369193120435947,-0.5282623845725841,-0.7850525468708908,-0.697180705648962,2.2019871715030153,0.18538224743223042,-1.2048249770555606,-1.2426911906580707
-1.5168869666389102,-0.3791195667890436,-0.22354612791395953,-0.39845886715818796,-0.6724351758834596,1.4529901167925154,-0.4243940366922681,-0.42534411624438884,-1.3624942137879597
-0.917665906811942,0.4362105812996701,-0.124351297620063,-0.17333225987616674,-0.4885362717620872,1.9183324123226866,-0.19630288837787357,-1.1335419409267846,-1.1373473898767825
-1.7729513285994565,0.42947904974413614,-0.19626508300728523,-0.43569612929053536,-0.532549652419602,1.6960053519843687,0.25981644187110864,-0.22038606129853783,-0.8596801426449789
-1.6608009526971401,0.8197534226163277,-0.37094447982252365,-0.14477595713864666,-0.45788689306715025,0.5668133994877872,-0.011564820639550263,-1.011885193278515,-1.0140878263230215
-1.4855981158599123,0.4525533837966234,-0.1974197084824416,-0.6061051264589767,-0.3989306312659463,1.1265242361891996,-0.1643935671236955,-0.5028085662660601,-1.2986231653967115
-1.2694741368445437,-0.11957598182954615,-0.5295361076868002,-0.6312686824058894,-0.3785486617144491,1.301702676562567,-1.2749455219043069,-0.4290649687709459,-1.6309847479132096
-1.0784898597127162,0.3645261300965736,0.02766040012147586,-0.1155662829501014,-0.48202328188648663,1.3698481824949031,0.047049685041197706,-0.6011061945395962,-1.4608456361032347
-1.1782809075231861,0.7601336710558924,0.1491492844053982,-1.042460455408738,-0.6743569162973841,1.483747341155016,-0.10209635812866424,-0.8422950116684524,-0.9646980401245487
-1.088258230457274,0.6146496103258028,-0.8537278951711258,-0.4137013254818073,-1.543364494527451,0.9647224041690612,-0.5660159901248442,-1.5115906075028864,-1.0896181235779594
-1.4692213160626861,0.18910606099087818,-0.16863783939669538,-0.3076404769555952,-0.026873144374433222,1.9670710795363184,-0.33430612212247907,-0.9365624816610061,-0.2167123363495045
-1.2707474955597702,0.06202329717920824,-0.1738744386719609,-0.24875724912467018,-0.34452258665387603,1.406667366254707,-0.49208883443485374,-0.7727817739489281,-0.1455850435499515
-1.4815658224763155,0.650406426188531,-0.3834877307305368,-0.900772502625724,-0.6504983204928001,1.3707277390622254,0.25911811075903013,-0.872701027835918,-0.6872872502719549
-1.40913528209401,-0.225044466986204,0.3335766504706948,-0.9401754805697335,0.3648745530916302,1.168708989266229,-0.14062844073646086,-0.9467323938541856,-0.9244849919261745
-1.3216979079111082,0.5347076273217332,0.25277849125384394,-1.790157904831144,-0.9630017825980104,1.0718010992058837,-0.4918654116321619,0.15580221066652844,-0.8237771574669115
-0.6617239063436762,0.32598033773156276,-0.030344147700227392,-0.5088157664546337,-0.4005030063089575,1.8027286235415223,0.24339311912374645,-1.2124956465158332,-1.1325315946269539
-0.5318777726147967,0.7923614215794694,0.28212546767612584,-0.08563448366286941,-0.740429543721153,1.7565048666470768,-0.8611981354493765,-0.3432347115517443,-1.6434350403357512
-0.6740880344103026,0.8648975416996807,-0.5615133501026286,-0.7550963183782959,-0.48529973021253325,1.6989598597046114,-0.08554276055787008,-0.04100519020907056,-1.5419533042655513
-0.9181999298209966,0.7958587860958687,-1.113930869182314,-0.8316362599970837,-0.6652338045508105,1.3794988285505856,-0.22638025588166283,-1.049034116364505,-1.210339860618242
-0.7533622151470485,0.7784844871481627,-0.6885454201004002,-0.9337584007766695,-0.2794065754391356,1.4485494013458964,-0.6222757688535452,-0.6280566735550026,-0.6072597618407949
-1.8874670842265795,1.0212646643339036,0.6110562989520274,-0.294188854543764,0.2815561237539229,2.186818230881473,0.0662384070559885,-0.6023271827527101,-0.9611806580723246
-0.9668051377585078,-0.6673136445371215,-0.3632534402708831,-0.475021231319667,-0.7544150785281483,1.4169331042027238,-0.2970588041721927,-0.5497570947489154,-0.8725901133647882
-0.3015494346113592,0.21394952515221544,-0.10447577580428116,-0.7698879082603001,-0.3664463997385845,1.2255909303398722,-0.40102036126396995,0.27839177228653966,-1.6479248749677828
-1.4007479148341773,0.49948415055719614,-0.24467577969254578,-0.5516502003758714,-1.1686401918907747,1.7479591234660359,-0.06394485722485443,-0.40058478375620943,-1.364520682319454
-0.7933110229806561,1.1409973099863973,0.9532525438236554,-1.1284059262396502,-1.0770299175210325,1.4083272281927983,-0.6652730622638029,-0.869865333680635,-1.0352567167084938
-1.061454554419571,0.9147694214954813,-0.4052399993975905,-0.35939019164008934,-1.3897479501599053,1.4415068192555243,-0.23151387910421048,-0.9023607611047681,-1.5650350463505012
-0.8566219566884717,0.5091863525559865,-0.133204801153401,-0.8676923703630675,-0.34303441902143306,1.1960070693977634,-0.9699768944397213,-0.34088557888488424,-0.8898940957529418
-1.5017782568921434,0.027817066862620865,-0.39267782774758275,-0.8629490848707192,-0.14557193159688325,1.6298160465778642,-0.21080774516768508,-1.3698575202369088,-1.6593604984599453
-1.60450367780675,0.4207044947807315,-0.06708697289422785,-0.29892194115199444,-0.5880462982066247,1.387978377718845,0.16204778418167115,-0.4264410738809239,-0.9143765770482775
-1.4177646837660223,0.4323392561673825,-0.09493132018555075,-0.4754492424197292,-0.5937801706432552,1.998952174756329,0.0752808971490793,-0.2163621153143906,-1.5693231202362665
-1.823522091174635,0.035597022736009454,-0.8515745979643907,-1.4278709154309546,-1.2614193380764909,1.3678467743801785,-0.5528167865494,-0.5634966175624349,-1.0101265866009734
-0.9497033140415645,0.7891891870108421,-0.7177867153012112,-0.7178756664128758,-0.46199442063878216,1.331504330478897,-0.05334194566875977,-0.7691395162864106,-1.249795934930768
-0.3951561442200786,0.4837578625824929,0.7959005663844416,-0.349014036299263,-0.9862004030333198,1.339062163679057,0.1771220248603259,-0.4134033720224535,-1.1545592853734084
-0.8172957688295526,0.5541147002729752,-0.2465981624518973,-0.44309594148980175,-0.7364991484074402,1.0041932694617919,-0.46944097510280075,-0.20823262409038684,-0.7487863566376237
-0.7335563193700539,0.7634529398146419,-0.41946131198227093,-1.1084480006513922,-0.7342316521997804,1.4010573559353876,-0.11718885354832588,-0.35292387175982687,-1.2563190177038153
-1.1529844775228633,0.7746277854602999,-0.7388685573941365,-0.7621817936356834,-0.4059204020111392,1.394829945182838,-0.6419259499989377,0.005851946466066238,-1.234706898789855
-1.1182980313093616,0.43548638050729466,-0.3751252818938994,-0.07804801618663348,-0.6126121923485464,1.1448292655350643,0.0781925915081642,-1.1665181757237701,-1.9153612360569787
-1.6720021389909197,0.4705101010476374,-0.05331657424001085,-0.6611391065906176,-1.4250831352375202,1.132700831204357,0.024383652207820253,-0.3538463103477429,-1.149264481603573
-1.2555454501497747,0.36981057711988613,0.2980049019108138,-0.9125762854020419,-0.08702892414114594,1.4695081828515295,-0.446442871868714,-1.310449435889155,-1.2987316529443955
-1.8801718910910021,0.12203753413808727,-0.3324131512590495,-0.04313833556698066,-0.7278834590739427,1.9137004278645398,-0.05164887089783743,-0.8498443851503974,-0.6625476963961598
-1.8517567154181465,0.644356145615423,-1.11668100477044,-0.6544347266426809,-0.24007096720002896,1.9760664637454566,0.1386444549040799,-0.6702328490801679,-1.1503637476568072
-1.9608452529721019,0.13930349197961467,-0.3428404272610431,-1.7450105541866128,-0.10306386136585005,1.3428990638155849,-0.3540546797979907,-0.4237430749262393,-0.8571372450422151
-1.5262528744256718,0.728454084804174,-0.2361222184457003,-0.48687886168279193,-0.5616623094295969,1.4305547002422296,-1.1621892321727223,-0.46945175928733524,-0.9184151483824756
-1.488914198827418,0.20742932220723892,0.9742361898858443,-0.6748302234615564,-0.5445613963285945,1.6189385731453094,-0.5934321058153068,-0.969985664142694,-1.701127545372577
-1.3018818898751787,-0.058112091968166746,-0.5180833356604708,-0.4910277290496612,-0.6215198822591942,2.2897186609006956,0.06017537507671676,-0.9291899661739342,-1.4926964812558305
-1.7464564880943696,0.43987326447814884,-0.5055402891065501,-1.0252777088300267,-0.3585072038437658,0.931303269288746,-0.04323246043022662,-1.0201611446783359,-1.50823053888018
-1.3730465911796617,0.43006211444561454,-0.487014185620372,-0.38531521600273927,-0.6022321650741015,1.6845949869930708,-0.508648924489332,-0.36824564989572894,-1.2693273872913655
-1.4398322572361804,0.6856845792545088,-0.012377386983405486,-0.9113895619512936,0.08262355289542667,1.6093980361788727,-0.17726102300882474,-0.6648611553463915,-0.897225238868945
-1.8693041200298497,0.6228330030986446,-0.7339749325414895,-1.103664763265008,-0.3806997926681196,2.082033973776386,-0.15763439394683415,-0.3478092491187751,-0.7742656054969999
-1.5748676989066606,1.0361134344566554,-0.24293427094412076,-0.5053095149236482,-0.6293590780195741,0.69011010115641,-0.03525325952023442,0.029744198085704165,-0.16030389545994062
-1.89636434132642,0.12447796470178096,0.1231614353847385,-0.6152260742070447,-0.07275092664544924,1.4009767571186535,-0.6197003008375224,-0.12622492098017474,-0.8933459940711184
-1.0247198849471195,0.3532454241989706,-0.05314451363655076,-1.0385770144957875,-0.329577643469243,1.7536731105052012,-0.1582761076112285,-0.31836916903791673,-0.7127716639124776
-1.4571636908917256,0.2217226157833702,0.4336284314941647,-0.7937497069835783,-0.3068069057117749,1.2289075220947132,-0.10009815815240435,-0.30025964423433693,-1.0246836442864806
-1.5327290838022607,1.4375976677286508,0.28370665048130467,-0.5042891194006998,-0.6019436215927915,1.1830107491039614,0.015285603821102153,-1.034100587881367,-1.0473844017132123
-0.9323928643293401,-0.034328199726861186,-0.097158325516598,-1.0746328528301698,-0.016484758285336243,1.3236805343096554,-0.5553935275360511,-0.7537886527399416,-0.6485184420793232
-1.1112035375915292,0.5128524790596157,0.23564564303063062,-0.3041419119630309,-0.6508646927820421,1.8626482802920545,-0.2774788384512384,-0.2941128391245675,-1.6313624056491278
-1.2216881637411872,-0.07535123334010513,-0.4833722681091375,-0.6024665335302466,-0.7617738306340214,1.6229869027426962,0.3507183454134859,-0.6528135623628448,-0.5934156056818571
-0.8741812803985132,0.16358073674292,-0.008827728916695865,-0.860922175042996,-0.6382209730567389,1.6221428514431866,0.39961780423459514,-0.843944598536499,-1.118312597785894
-1.5058785714246676,1.4072113826292127,-0.2397210507171109,-0.7829625203724723,-0.5658723024976663,2.0892978879229975,-0.05337955964343312,-0.6545520647007164,-0.5191610787024918
-1.784510099217906,0.6195313841221555,-0.7457904440884435,-0.9801480982751269,-1.242146671378806,1.5894309054804028,-0.3544510289667091,-1.4255872879405098,-0.5677028776117623
-1.210567126333093,-0.159378702529907,-0.4335277906109867,0.04628625370617989,-0.7508138650828171,1.1607388366720306,-0.2748077075647781,-0.604731705484618,-0.7612683913895333
-0.9649721884738816,0.6710712181350338,-0.49493360133385483,-0.0727575319421434,-0.39080633830975664,1.639407498186375,-0.19136702533058553,0.2774344427028286,-1.8005675193974753
-1.4196777443287822,-0.05319446206131967,-0.10364406164047646,-0.2531074583881031,-1.0737401411039418,1.2123679045835585,-0.39564511491587134,-0.5830946246333274,-1.6191234628259599
-2.165953936346554,-0.4319680043453809,-0.2602695117940137,-0.6175619909587187,-0.40710924394742565,1.8103930062842502,-0.712996554833881,0.0009080635703467843,-1.6582865023036917
-1.3864048288320752,1.0408356531254723,0.271186931891305,-1.4570681184754402,-0.8583452240902465,2.0762661015139416,-0.24280444101923193,-0.7541302123861438,-1.0589378021577902
-1.1324514883435086,-0.03243542247706943,-0.4931761045874858,-1.1021565109251483,-0.13042783029714355,1.8461456659808746,-0.6937932956816062,-0.35933956006408974,-1.107659445515022
-1.7623463743951695,0.01657027290515395,0.17495376469633778,-0.3564280423899203,-0.6710682113073257,1.4021598368047399,-0.18532698434949552,0.12121553038526178,-1.6836493393394092
-1.298766275052931,0.7961120820010236,0.448686638264651,0.011042018980443657,-0.6302231654428189,1.5015564194377249,-0.09299990942822416,0.21717966765584662,-1.4522714488637682
-0.5523510510028371,0.852210683337788,-0.8663236291854384,-0.60614265139135,-0.6188768011675205,1.6176916423116698,-0.21374453984021718,-0.34718643685571143,-1.5712525217235367
-0.3711554325360127,0.09953769466381096,0.3603326150140423,-1.3985274513221841,-1.1739067355762396,1.1320656210731306,-0.3830417561678603,-0.5281984247254385,-0.7445372344112772
-1.1920702974262647,0.3928866697683051,0.4071304267830313,-0.044585532853008814,-0.8047340075206734,1.5819959857903099,-0.030104280176158807,-0.7894244568579516,-1.1881315688019307
-0.6368707591400866,0.3256096870679931,0.1086423878428252,-0.7653677682033383,-0.5840599729900597,1.378259475652913,-0.27299954062640597,-0.3913410513503598,-0.13717476719778232
-1.3513451798391451,0.48617747639912723,-0.6883157998536513,-0.17224832011107072,-1.4385136655170405,1.57073109552773,-0.10547387397329912,-0.287627744527276,-1.2440612075299724
-1.3010347130738713,1.0493898158145607,0.33204428229462707,-0.9462069335949254,-0.6338954049915955,1.3320671184320454,0.07382586093083275,-0.8418306397336721,-0.553962495519268
-0.7255454906773864,0.33625723282891695,0.046813617173386224,-0.5989173397951658,-0.47596526729316846,1.7648156386020095,-0.05381611342661273,-0.5871902978525331,-1.1795706286330763
-0.893563981071293,-0.14561256346882395,-0.5179944627029099,-1.2038783982942522,0.00620081061988087,1.570287917587445,-0.03748636096550516,-0.8795689037013836,-1.4847204294307255
-1.107074798283438,-0.20126070206712482,-0.7909792432727278,-0.6146735532294241,-1.0480863089657815,1.0336375858317008,-0.13433625707731636,-1.5649932588827469,-1.007544499036257
-0.9720809057233154,0.5936176006200623,-0.5699306003980728,-0.27181552322152336,-0.7719433946845637,1.368257782944662,-0.30013417158460387,-0.8166353088425937,-0.9023138729883873
-1.8004614750889592,0.27575017120180956,-0.6320335276616156,-0.4490904456634026,-0.6119521822239429,1.1805661894194612,-0.5751423876746828,-0.6534957938060334,-0.9551277300190668
-0.7624652203003153,0.7507868491790897,-0.03733216446100282,-0.7443207203039904,-0.3445589643901541,1.4761450797745188,0.7246457336536749,0.11175086385010358,-1.7865897326290126
-1.130887855680925,0.27878367944748417,-0.28205383391439426,-0.9287945613968844,-1.0743890685613795,0.8921815109295068,0.3377319278394585,-0.2924270209709854,-0.0815446028190997
-1.6521597930622054,0.2466646193564326,-0.40145676643234895,-0.3884501215641421,-0.9385941464060172,0.7692341409865013,0.19664555201652378,-1.5421248522784916,-1.441481768767368
-1.2820143672572493,0.8645436045084569,-0.2710353527901877,-0.2553044193416568,-0.7927762358436836,2.0175083858182243,0.06725708051845146,-1.187747793354611,-1.2915410728863277
-1.3901769297178392,0.6122001949157568,-0.3266551243223559,-0.17721652806165744,-0.3694524582984291,1.1645492987047272,-0.7705975184249328,-0.23529821260762618,-0.8956028025524594
-1.3605835927156553,0.38165366176189625,-0.44979830428944084,-0.8989708576972537,-0.16126736715801226,1.0716331328864812,0.04150058904298161,-1.0162880813409565,-1.7098994138422265
-1.999354543816328,0.586738901453392,-0.54520884286321,-1.3483259762897406,-0.24148577844041857,1.4780232849303665,0.28845414859818963,-0.6131779967140758,-1.3194713747603095
-0.6194772981906899,0.08544200241306754,-0.39609041250429433,-1.113573053163484,-0.5457748709395127,1.4666150422323123,0.0664267882420473,-0.6134675285554566,-1.8760733519085215
-0.786842740108912,0.8112799936852227,-0.5673163333336879,-0.2528930164341778,-0.24819425358762132,1.6029320643220202,-0.6022045647191157,-1.0428417242825194,-1.0093827862000755
-0.12858840674046035,0.47068973951413023,-0.5316807670064161,-1.4544693643792734,-0.1891645363466789,1.6331517734996712,0.11303665633720562,-0.9967580685270376,-1.8461567346079923
-1.3025318863548165,0.13518246123307498,-0.0666203986513701,-0.32095409175933665,-0.5781571064746605,1.7178991819482903,-0.016417074953809063,-0.09564092759418141,-0.36341879220267415
-1.0966554458527493,0.5363649213953096,0.253919981904198,-0.8414479293896839,-0.8565288995554761,1.5440600040325894,-0.8755776703114658,-0.889343946367605,-1.5095550135474534
-2.097935670896506,0.9212595661609888,-0.4340881816228794,-1.0362120700289443,-0.6322344730550045,1.7781663234699137,0.10128809302254858,-1.1026184283566587,-1.6591504291314978
-1.4848624722095178,0.39582629450961837,0.026823300184497578,-0.3441813277628803,-0.7657769383570058,1.3155780300828779,-0.662914950065111,-0.421314163188263,-1.948060994794845
-0.09516376279817496,0.9689473047054815,-0.654057288302351,-0.5358476262434956,-0.8526375186547483,0.8210454336034724,-0.4798983735481579,0.15609932408466665,-0.8379679810248952
-1.149430125776551,0.5762200708401788,-0.5147201187349859,-0.15233370911071276,-0.5610332155824849,1.4947454424145623,-0.12999251310355373,-0.4691608686217312,-1.4623621265577202
-1.4605354545382279,0.726545672927706,0.43620912314377563,-0.774797168197712,-0.6076199500570989,0.6381509152928561,-0.36423152088110633,-0.8513361672164537,-0.4222357670133753
-0.9357717036768203,0.06964503753577733,-0.16796807497056965,-0.9218280618566187,-0.38298150068368264,1.6663476537478765,-0.5792977524659075,-0.8526740309657881,-1.1918462841542814
-1.3911553334894977,0.0027567718913953376,0.40606273813844335,-1.2648734067681484,-0.9366304644491901,1.8668487737611144,0.954582950371919,0.17728078548095694,-0.729961590728478
-0.7318221515430187,0.09276681209310272,-0.17756192335647306,-0.8878770726832712,-1.0792857365335498,1.5504945745748189,0.5883281432663728,-0.5824078020620925,-1.4845381992719888
-1.3566996998169851,-0.13134468318654352,-0.17112171219049283,-0.797433319117381,-0.49645788058200846,1.4551418472927036,-0.5356832469271504,-0.921904300480617,-1.0190025185809528
-0.9200149620868093,-0.13558186984264703,-0.27861150895656084,-0.34274888027419914,-0.001257585212950163,2.0042263559681586,-0.2362862736082367,-1.0866149739995319,-0.7252216833928533
-1.1425915812690541,0.3295298904654268,0.16528430239116987,-0.7141852025381755,-1.1847601535847323,1.2667339131312196,-0.020571952471366575,-0.5186914505040887,-1.5963685132789154
-0.9739068575352821,0.9215276751444537,0.36885188252716267,-0.26359680155226173,0.19858710877560404,1.7673061113964796,-0.4409832782725341,-1.2049054285148337,-1.0410524376203985
-0.9981266016297299,0.912116201624226,-0.5793667459640854,-1.2122157498896549,-0.4330004737887232,1.262884734555567,0.6395823631562879,-0.46113264913938257,-1.5248847565796466
-0.9783600952183373,0.4725030557683767,-0.820516442440367,-1.1092840150819148,-0.3017915050791371,1.6772056013295817,0.1339998240609575,-0.13568856686117786,-1.6400943177640213
-1.6905220225522735,0.3219135700857849,0.9519863902198531,-0.4850397731860847,-0.24542570577733613,1.4424204954349498,0.3309589660008471,-0.3115669474165988,-1.4438700251342838
-0.8156047274345484,0.4352743654780901,-0.2265499190915909,-0.9840984311309791,-0.7731747289568168,1.640190332442368,-0.31359286984056595,-0.9893610978501535,-0.8774110839331386
-0.9126810286608402,0.7553278211430122,0.060684191173676905,-0.5781223037644592,-0.21224016676309104,1.273031351195663,-0.6223329727670354,-0.3181944769205171,-0.6273889451480783
-1.3540835513050449,0.14551899155456827,-0.3357731045449923,-0.6132921484796228,-1.1851510419079427,1.9212556011733688,-0.5590663642469983,-0.002527909449044241,-0.7316987422970553
-0.47103665861736044,0.26291620957158296,-0.18372562642552365,-0.8305469213123362,-0.5833884190214857,1.629376746452014,-0.39785762077403514,-0.4463232893189929,-1.0271476052163213
-1.2478561907127463,0.2899091083468075,-0.1901284673079914,-1.0164422828727633,-0.5152932758287511,1.2530617607296153,0.05985286211739842,-1.272388298524481,-1.5125521397615056
-1.2395935500932596,-0.15563071949182078,-0.31153106167378614,-0.5527670088612979,-0.7802363403162268,1.7649581978227056,-0.5358200489070302,-0.2737466179861408,-0.5273574606495923
-0.5545223926415637,0.2518315084666201,0.16287827179396436,-0.9111739505695601,0.10302889320960174,2.0058847579724057,0.08873099959453314,-0.19668481655510112,-0.9357056577916099
-1.3871135481166679,0.1046747931644667,-0.575024852409606,-0.005786238305352409,-0.4960488625868791,1.4533279364547134,-0.5252870524753972,-0.05933167870048883,-0.6806402306690245
-1.534112388837704,0.6136901096370351,-0.3229079059136026,-1.0443420397727912,-0.3613280170900349,1.902565078497766,0.4077086518766645,-0.9228814361354306,-0.7977637523279383
-1.248803928896743,0.3415192141858495,-0.4848582006306389,-0.676717598486806,-0.8048488343054523,1.498731673356747,-0.26833187705280875,-0.6507941168303025,-0.5296020296268521
-1.3849819568130837,0.27868664215271177,-0.3138300432494988,-0.6769194570203828,-0.8890123167233475,1.0691842916474192,-0.2201474849389724,0.4495828360088392,-0.88373091204331
-0.9494474845070181,0.9003274602914543,-0.06459214247694986,-0.5221159026426597,-0.5703607752473775,1.7789981203353926,0.16710319049026606,-0.555274503982021,-0.9908015674904105
-0.6590514160030072,-0.712429834911497,-0.5882382247665097,-1.175572948899928,-0.675019764425081,1.2291451287566084,-0.6066233660549676,-0.9085122956884368,-0.9350367266362112
-1.2291785093044825,0.1730138987858657,-0.7077452636681612,-0.7542194175960406,-1.0061755028274544,1.3626938706701377,0.5322766920709585,-0.584561640625948,-0.49807344782743646
-0.9660899693983178,-0.27333579295915406,-0.2120814598246352,-0.3334925717694871,-0.5619671173171473,2.066093523310021,-0.4781511191632145,-0.7192799504178604,-1.6141939873574562
-0.8905496965252127,0.6229267181839953,-0.19899117774807823,-0.3628698917062957,-0.40287844418430613,1.3545307799127793,0.5975216156310668,-0.5946397067886323,-1.1995133082087395
-1.2409352038575794,-0.05358797826559031,-0.12850410450920766,-1.0220186969166425,-0.40032246247666325,1.199771061676842,-0.05446776545597694,-0.024609179353759614,-1.7335500083832789
-0.8841829135847374,0.5054852433106467,-0.6015805182689031,-0.8410547373784415,-0.09854553073298111,1.8333526266987066,-0.3946757492633565,-0.05798569955425881,-0.491296328278354
-1.1373307414887288,0.500708440313832,-0.4489928077656581,-0.1835239206446,-0.7340820816437237,1.1076532043787624,0.5350307374218476,-0.71681131272962,-0.34679331127418944
-1.4223352946360586,0.39585880736879,0.17900952566012235,-0.6247147933539737,-0.8910670482482995,2.2889601577173693,-0.8385579179598097,-0.14268657222856485,-0.9207218955448337
-0.9361922189843048,0.5677097062449679,0.8074745950759157,-0.8160911360099558,-0.08648296118148086,2.36615657324384,0.4175052242575993,-0.8465147689703382,-1.3591539038051308
-1.5811548480237447,0.6507341503650732,-0.26970011402339383,-0.6952591139712815,-1.114654754264349,1.8067606136124863,-0.26544704892089716,0.47632991143006853,-1.3344887209091638
-1.6997833707339751,0.6163710218922083,-0.8754223010038928,-0.551894134534142,-0.9105677210295884,1.7695155923636599,-0.3670186925345628,-0.22949355422573775,-1.2540402679557106
-0.9563127337131009,0.28782426377380194,-1.1349917700105516,-1.397293468435762,-0.7026730671096425,1.3268618745735208,0.06261637388624754,-0.7632171128876726,-1.166444926418663
-1.7190702404946108,0.833585020174727,-0.9346434043814713,-0.11943604269449049,-1.1830043305688065,1.9435965913769193,0.3928589094515501,-0.7379752091972743,-1.0081155125308991
-1.8181496920267564,0.5733299282339338,-0.7411987781807514,-0.31902165756061246,-0.2596340295165958,1.8978774924360609,-0.013970992062612805,-0.947816145776595,-1.726195544583501
-1.5275370447686583,0.8195319417606098,-0.7352913133245544,-0.42771087843510175,-0.25763148452366336,1.15366541464735,-0.1751422722901288,-1.133011974989666,-1.0771783518011924
-1.5296991536661286,-0.23642448968369195,-0.6363734835640953,-0.6067801644017824,-0.1491567382687357,2.3519307439254677,-0.04755129874133672,-0.7747889734998833,-0.6888449475576468
-0.6624078371306877,0.8769239285570118,0.02772325602440734,-0.6639557579556884,-0.06282949130082938,1.8350346117102803,-0.1610152806242189,0.48859455923886386,-1.2409367074833588
-1.4284133858510255,0.7070205282059046,-0.885583048687764,-0.5375536531428621,-0.9242821727291819,1.596752247873073,-0.22117684908644694,-0.7310267117281102,-1.3399686106974473
-1.2754681681234894,0.030817157805260842,-0.15734234713954298,-0.19680521769194737,-0.9972595847124418,1.1520391410739825,0.4765123037406438,-0.04856823362102003,-1.9076698138790116
-1.6865423345303916,0.5430156321544006,-0.3355825313465612,-0.8360729575228114,-0.6753100003905518,1.278831625453765,-0.007498243956028813,-1.1992400710418458,-0.31659775514043864
-0.9359986817279832,-0.5035107359721833,-0.4140068632388635,-0.4581606337550609,-0.3131576076127945,1.0986134407796244,-0.15074119050212745,-0.8251084096771039,-1.1639225752524103
-0.5817891457541359,0.7618683929346262,0.9742421548960698,-1.1793585423332065,-0.5784577661753123,0.9933359083050338,-0.12022241783647798,-0.7781450070480354,-0.9336052201807062
-1.021871996348528,0.7528183135748627,-0.8392161192667706,-0.9132630319139883,-0.4358063968661653,0.9426060640174264,-0.014823533316045232,-0.9092481008746818,-1.759586633724486
-1.4075257506093832,0.8173310662289757,0.11752945323005404,-0.8981044301248466,-0.030864844651985135,1.3913738818545671,0.07216562715576695,-1.0701317606855172,-1.071585029296055
-0.5882389596563868,0.6962766344088271,-0.092065196118081,-0.6208163344851564,-1.041849417357791,1.03663978019372,-0.5939777653844844,-0.5445059101812387,-1.50919170542956
-1.7178328098629945,1.1402368610549691,-1.0853277188426116,-0.45350661880546583,-0.5603856930717398,1.6637425436999442,0.27268911948691454,-0.5807014286376543,-0.1983673032702149
-1.479911129252601,0.14328526676254583,-0.23773971422134157,-0.7423892569751276,-1.1861726013276646,1.673908566866873,0.3335391276516093,-0.4667719987274974,-1.3178436017498614
-1.1302965120621538,0.3161019393274717,0.23728233239389246,-0.6619382403136047,-0.474947606858352,1.430080673837214,-0.8477182317922298,-0.12362200920768385,-1.279400234631546
-1.0890058485559833,0.11438924860218719,-0.9371820243234885,-0.6915996209262913,-1.122002536604842,2.4426472461456195,-0.25644036078954935,-0.5463875901169968,-1.1208529248991346
-0.44300257962554634,0.49044296119680064,-0.49109479593901717,-0.09489888192457874,-1.0007086300978985,1.86848450056645,-0.10288815316225977,-0.5766386369975959,-0.8184544769713816
-1.5184580164120982,0.28464563864305886,-0.6841684355745055,-0.8918297414960824,-0.1318143076601201,1.0182203320963912,-0.20905928740101443,-0.827094474778818,-1.1771063995295534
-0.714843042853428,0.39398048060946367,-0.1990741835253803,-1.0180974987360294,-0.9244027009689684,1.4026763576442263,0.1745895928796683,-0.35700938483361666,-1.0462597609650197
-0.7065677314943468,-0.13646028392507598,-0.7584417975089754,-0.46605377985605867,-0.3878862121366083,1.447016610795446,-0.13686030950138034,-0.02636588051905686,-0.6920625545480127
-0.8714984983511505,-0.04717105919229925,-0.6439329359568622,-1.2336738597338357,-0.5854441952294942,1.388260515751984,-0.679003948586687,-0.7138704025519121,-0.4970365364429655
-0.36666375048701294,0.7683974383439247,-0.29786270954628674,-0.14270629213170083,-0.9554236348523568,2.065293265209244,0.0021248226077841686,-0.27466621942221503,-1.3145126764975799
-1.162246801287427,0.5241602977636848,-1.0390521011365743,-0.3656978402691392,0.054804002142222474,0.9827898565377483,0.652787240874063,-0.7295409929107122,-0.4582663375364472
-1.1466919718620183,0.28285108069920006,-0.7447021281172828,-0.6317508091198222,0.5124569744769032,1.8171968244495809,-0.23070509769140274,-0.7485624305260661,-1.3672186018229948
-0.5150387253130906,-0.3310688100523735,-1.0196220364159498,-0.8600382609849238,-0.24387711714556848,1.6496073169617036,-0.12019168656230135,-0.07842611421411849,-0.18859024371219157
-1.355064612613134,0.4414575830873113,-0.09778607174114393,-1.5907389903990254,-0.9295145823585436,1.5228134776419793,-0.3554730069939057,-0.5364496187943777,-1.2201551969733908
-1.4643937900920678,0.2940987942126839,-0.34348681007993587,-0.5269366619957044,-0.672128285826772,1.6820050619302702,-0.47129454836040724,-0.9413302017942786,-1.472012721136354
-1.5649192383481811,0.6533276822521659,-0.32610139394373144,-1.1982479874958734,-0.7301030816457175,2.3155846903863204,0.06464643553640186,-0.862675957687521,-1.4326191186237383
-1.7428804155824293,0.2761498216836649,-0.08498843659262106,-0.48413333291200855,-0.6148952487557848,1.9695307727080698,-0.05067588028173596,-1.0598525571422726,-0.7206644832823872
-1.5020403467674939,0.4198732094990046,-0.6926983185261046,-0.5626422339236382,-0.3701866887033174,1.3297375892193335,-0.598886781031523,-1.0763405906520744,-1.147846107756742
-1.069089758676095,-0.13761679640517716,-0.33549285513435717,-1.2376359744391725,-0.0406238753730912,1.8539314334094672,-0.12265959767069165,-0.06586773588863348,-1.1985850595382364
-1.6287043829680576,0.7008148777338274,-0.40898680926240766,-0.8672989699972611,-1.0326462399877365,1.0963529168731978,-0.038212252738639985,-0.8256242815286321,-0.8357326128616365
-1.0078678200827031,0.2229210445884325,0.27380813362832096,-1.2266124250081751,-0.20564538230378154,1.2909134247534946,0.022302837602894962,-1.198290813059722,-0.6554297040339156
-0.8422813140529901,0.4283800258460339,-0.2288904394339006,-0.27719377867436007,-0.8413094229181084,1.3095194664606773,-0.06926880392344772,-0.7226944016432448,-1.5883811850161598
-1.337265205602896,-0.022970026337236327,0.13720602371506974,-0.7630157684359599,-0.5430841616606148,1.442587030354012,-0.5488712146539584,-1.1929516221479912,-1.3517641116618868
-1.617559319864883,0.005173865312187831,-0.4616996251011285,-0.41347313475384107,-0.1968686059493927,1.2498954261273938,0.19664995369694183,-0.5031327987282305,-1.7063951502594037
-1.4315815419366666,0.5702998381609522,0.32710763483660527,-0.6376802062993702,-0.12863373276384676,1.7632781990140627,0.17966698178137613,-0.8616849798363451,-1.2040261947830033
-1.0009227227090551,-0.09583664093937955,0.15790999926571492,-1.0577468373643162,-0.5773096897974631,2.2457761234441187,-0.29409028172290885,-0.4224876169893622,-1.5920199493655915
-1.5805161982071725,0.690562040297902,-0.6946544613069727,-0.6784571258806446,-0.42799454412412247,1.073966196454272,-0.5313742670797963,-0.21686261889664415,-1.249716602655375
-0.5617987832905993,-0.24483023383537433,-0.37758412888869564,-1.0900015464724682,-1.112541189739812,0.5812001297598584,-0.9046260037386217,0.17350998818324204,-0.11280148277018565
-1.595404636037777,0.43894370400040517,0.390529044095625,-1.1646989603343472,-1.1599546347123697,1.4123254224887845,0.08681467113894283,-0.707579396746675,-1.1767767558592592
-1.6107304330142926,0.6114557581326522,-0.2937651376146617,-0.10578076170847606,-0.3686638085491203,1.785748115503032,0.46403154234586996,-0.5614264659343113,-1.0437917291418748
-0.8467277796549153,1.0833397296237475,-1.3289413151516345,-0.4183452959312398,-0.9913820261512012,1.6691678820593014,-0.174966122433149,-0.5718632781018286,-1.3018429736412045
-1.2203564852861808,0.5272988214923229,0.18864526214526234,-0.25645459246427654,0.12435545373517298,0.9345552201001719,-1.0104792086849175,-1.0125601317837367,-1.120243221020467
-0.641583383259323,0.3388517764109506,0.15406242206791698,-1.0577148530579428,-0.30069128064598843,1.6682507359950332,0.037525524411485336,-1.4858795421570583,-0.9841991843347773
-1.1533556687868909,0.9519106464706444,-0.05560387218295762,-0.7410623822837982,-0.4884974613351998,1.7807656860411452,-0.8788243066230184,-0.26125214804560026,-1.095575603753556
-1.6680766096118513,0.1558275270227778,-0.3981458449914316,-1.0038123399033352,-1.029699319394895,1.6058969570224229,-0.22498333258886605,-1.3524598006836237,-1.162443064716931
-0.7125716518909633,0.9468489144069985,-0.3620226312426251,-0.0400403762656647,-1.093220363118811,1.1243344590403337,0.09158218014775711,-0.3634205424987662,-1.0377074809709828
-0.6843429071068636,1.144489033743327,-0.6643468068003113,-0.1122369203389969,0.13154935576659332,1.424559347459405,-0.8049778320787674,-0.7361681182564483,-1.0147997659672605
-0.6365578323496279,0.3495071543460794,-0.5257890287732425,-0.4110398393744364,-0.4124576628080232,1.5198789860359931,-0.3791253292513166,-0.7303746816598935,-0.8809620857678987
-1.4111429930145416,0.5697110473466829,-0.48991310021335754,-1.0857193816760797,-0.368173048791957,1.5074076759856656,0.14738386190900704,0.03518657149449189,-1.3823873303263443
-1.228055490204754,-0.28655411869031383,0.1977590307628463,-0.48419462120367146,-0.6548867821841393,1.2181755521175957,-0.46201283129158277,-0.3767716861702776,-1.1178439312507886
-0.002414832264561406,1.1904274017872094,-0.33966221034051836,-1.0676274727656396,-0.2423064268761852,1.5615139814506065,0.22524189830411834,-0.6696571710436893,-1.8815544493972716
-1.5683034219534153,0.03450495535544135,-0.8456450301418899,-1.1310146149536693,-1.3315077878207084,0.8235763824267212,0.7350975892886602,-0.9802382085197857,-0.6588127260394374
-1.3948281642799598,0.9010572188444272,-0.56735620341692,-0.483399676198425,-0.031088579693561713,1.6845385133820003,-0.5236921186442276,-1.3832602227860584,-0.9642559409773555
-1.3077113351849807,-0.057493259355303195,0.3283017911488491,-1.0503423832356136,-0.7969983515822197,0.8459529330754639,-0.102798786703466,-1.0025101529579517,-1.9908782493651995
-0.7277691854755928,0.9893292832982579,0.1264122473888758,-0.22875487730820843,-0.7000806062098661,1.6494179831048472,-0.33784393096099197,-1.1437929527463475,-1.1325053113059333
-1.1225447630172236,0.35936737830324356,-0.8222519718419501,-1.357947069042568,-0.5731861302273569,1.6191747457115668,-0.19804529524039288,-0.43188793827106564,-1.0796813346935616
-1.4281849241941074,-0.2441332901743843,-0.45337809749571195,-1.0500170649793534,-0.40025493504648624,1.6409217949493629,-0.1576274810900819,-0.14517043375590682,-1.5745255720376896
-1.0073932304606017,1.0960746955267098,-0.2712236968304728,-0.6958922450505309,-0.7588151451379922,1.5939816076307187,0.39249371347099105,-0.32262843536948427,-0.5800735626297243
-0.8130624242215783,0.7744565600121445,0.13558817546116458,-0.961650511597039,-0.8985166309393755,1.3973681760075243,-0.08316812719486921,-0.6645975928733223,-0.7103679494180317
-1.41165395899732,1.0912830147506758,-0.06358458209377171,-0.8421042746137168,-0.4399560779617254,1.957533665349176,-0.32662770002638364,-0.7057911015106033,-0.6615139519448372
-1.2016838828855092,0.22973746874372142,-0.8181643110296974,-0.32812451868619175,-0.5166194854157634,-0.05793027678006668,0.3584860616284365,-1.018765859536365,-1.5733386689014717
-1.2727928224602432,0.1849680342084464,-0.32782732792308006,-0.39838980571978894,-1.2325153457979572,1.144436746838262,0.2212711084938941,-0.6933726431200298,-0.977929236886424
-1.6368046118074377,0.13194910583601777,-0.8183295261849146,-0.7775160672114586,-0.4868838185353622,1.2384652681349593,0.28990519796494807,-0.7858023233441249,-0.7274616302638643
-1.079105520559022,0.4700906488550619,0.07598401796249543,-0.6458007147725191,-0.8870471357351614,2.203945741620043,-0.9464792016161427,-0.6343459180371511,-2.0046643211773927
-1.3388428871837856,0.9756851551792562,-0.19802124114010458,-0.699830113996124,-0.780320229042035,1.9034806445828656,-0.41111656701462085,-1.2136998367295275,-1.7799566864254435
-1.5538952293119683,0.5524268097934311,0.5450004828101338,-1.3747258370316238,-0.235906754683521,1.5835163680145095,-0.05304545553536122,-0.43482377081379087,-1.231282883740115
-0.33881310902877404,0.13244325865357964,-0.26661645572553716,-0.5579372135359635,-0.3937737759080585,0.605005567989958,0.0414474284950765,-0.384062771970372,-1.1664083158904184
-1.1234193574905107,-0.34118194044221456,-0.006050612734531113,-0.9153845920333609,0.07540108308076787,0.9650394821845503,-0.25334153476764393,-0.45748090026429866,-0.8631171553655941
-1.896276410003598,0.11153354210351546,-0.01766639215791907,-0.9684252690076496,-0.495401580810547,1.1733186375388502,-0.3689304681517547,-0.653152816757508,-1.5691201479493615
-0.9121369824947996,1.3358349387784345,-0.6583989306220792,-0.7830042626471124,-1.0214908859917688,1.0089837118548428,0.29104638991684084,-0.4642596422687645,-1.653978702640905
-1.2976146216647346,0.35574797708123324,-0.03749299888014118,0.0368701074189699,-0.3519624135407075,1.0230339252657137,0.46858233091366286,0.17347336176485761,-1.3869259621465284
-1.3077566222573418,0.7916154503844404,-0.4045613647165429,-1.2557345681377725,-0.43784231940592433,1.6688449469966649,0.1773460923073759,0.11894196314237904,-0.3049295270756516
-1.8491638998625377,0.8038908948945112,-0.5744278191157848,-0.5997527404610136,0.252903368730958,1.5102558478583936,-0.7092739531894096,-0.45146679700381576,-1.830885189591058
